{"cameraMode":{"drawMode":0,"name":"Shaded","section":"Shading Mode"},"sceneLighting":true,"audioPlay":false,"sceneViewState":{"m_AlwaysRefresh":false,"showFog":true,"showSkybox":true,"showFlares":true,"showImageEffects":true,"showParticleSystems":true,"showVisualEffectGraphs":true,"m_FxEnabled":true},"in2DMode":false,"pivot":{"x":0.5290414690971375,"y":2.251770496368408,"z":-12.591828346252442},"rotation":{"x":0.6078858375549316,"y":0.004760058131068945,"z":-0.0036525465548038484,"w":0.7940183877944946},"size":20.63413429260254,"orthographic":true}